,Accuracy,F1 Score,Recall,Precision,PR AUC
CNN Multinomial Naive Bayes,0.8681732580037664,0.32132963988919666,0.5420560747663551,0.2283464566929134,0.2722319626364612
CNN Random Forest,0.8899650255582459,0.36391912908242613,0.5467289719626168,0.2727272727272727,0.31329623347675917
CNN Logistic Regression,0.8902340597255851,0.3799392097264438,0.5841121495327103,0.28153153153153154,0.3207773510448618
CNN Support Vector Machine,0.8428840462738768,0.3129411764705883,0.6214953271028038,0.20911949685534592,0.24772196566579668
CNN AdaBoost Classifier,0.8087167070217918,0.2692702980472765,0.6121495327102804,0.1725955204216074,0.17685073516934446
CNN Gradient Boosting Classifier,0.8878127522195319,0.37853949329359166,0.5934579439252337,0.2778993435448578,0.30107826272479077
