,Accuracy,F1 Score,Recall,Precision,PR AUC
Multinomial Naive Bayes,0.895066413662239,0.8193400849395622,0.7096774193548387,0.9690880989180835,0.9256200246945678
Random Forest,0.9206831119544592,0.8759643916913947,0.8353140916808149,0.9207735495945103,0.9495586118972613
Logistic Regression,0.9240986717267552,0.8815165876777252,0.8421052631578947,0.9247980111870727,0.9553816390623809
Support Vector Machine,0.9199240986717268,0.8764637002341921,0.8471986417657046,0.9078229229836264,0.9522252790009231
AdaBoost Classifier,0.9064516129032258,0.8660690029883183,0.9020939445387662,0.832810867293626,0.9368466957386047
Gradient Boosting Classifier,0.8768500948766603,0.7778158165011982,0.6428975664968873,0.9844020797227037,0.8983322481114175
