,Accuracy,F1 Score,Recall,Precision,ROC-AUC,PR AUC
Multinomial Naive Bayes,0.895066413662239,0.8193400849395622,0.7096774193548387,0.9690880989180835,0.9393149311262187,0.9256200246945678
Random Forest,0.9210626185958254,0.8776470588235293,0.844368986983588,0.9136558481322719,0.9632488992780219,0.9508871112767657
Logistic Regression,0.9240986717267552,0.8815165876777252,0.8421052631578947,0.9247980111870727,0.9655929972546775,0.9553816390623809
Support Vector Machine,0.9199240986717268,0.8764637002341921,0.8471986417657046,0.9078229229836264,0.9648790809268343,0.9522252790009231
AdaBoost Classifier,0.9064516129032258,0.8660690029883183,0.9020939445387662,0.832810867293626,0.9626276353633986,0.9368466957386047
Gradient Boosting Classifier,0.8766603415559773,0.7775496235455167,0.6428975664968873,0.9835497835497835,0.9470512864630058,0.8981015896814909
