,Accuracy,F1 Score,Recall,Precision,ROC-AUC,PR AUC
Multinomial Naive Bayes,0.8924608819345662,0.816147859922179,0.7116200169635284,0.9566704675028507,0.9442865006332276,0.9284791828333587
Random Forest,0.9263157894736842,0.8875379939209727,0.8668363019508057,0.9092526690391459,0.970792013779962,0.9584089204464136
Logistic Regression,0.9345661450924608,0.9,0.8778625954198473,0.9232827832292596,0.9720207077044628,0.962600992860457
Support Vector Machine,0.928022759601707,0.8909952606635071,0.8770144189991518,0.9054290718038529,0.9698781182102315,0.9580959491678054
AdaBoost Classifier,0.910099573257468,0.8732959101844427,0.9236641221374046,0.8281368821292776,0.9657102170402128,0.9403283740917995
Gradient Boosting Classifier,0.8790896159317212,0.7858942065491185,0.6615776081424937,0.967741935483871,0.9532666047962634,0.9074419323137174
