,Accuracy,F1 Score,Recall,Precision,PR AUC
Multinomial Naive Bayes,0.9426957223567393,0.009302325581395347,0.004672897196261682,1.0,0.17675788857212738
Random Forest,0.9426957223567393,0.19011406844106465,0.11682242990654206,0.5102040816326531,0.33662343520668164
Logistic Regression,0.9443099273607748,0.20077220077220076,0.12149532710280374,0.5777777777777777,0.355640424831512
Support Vector Machine,0.9391982781813291,0.2709677419354839,0.19626168224299065,0.4375,0.32508683821796447
AdaBoost Classifier,0.9405434490180253,0.2706270627062706,0.19158878504672897,0.4606741573033708,0.29349568707469015
Gradient Boosting Classifier,0.9413505515200431,0.1484375,0.08878504672897196,0.4523809523809524,0.3463582345841594
